,Text,score
233,SNKGVTAACPHAGAK from pHA to RCSAPAAASVAPGGQ from HCRT,0.5
11,AFAMERNAGSGIIIS from pHA to ASGNHAAGILTMGRR from HCRT,0.5
213,NKGVTAACPHAGAKS from pHA to RRCSAPAAASVAPGG from HCRT,0.5
216,SNKGVTAACPHAGAK from pHA to RRCSAPAAASVAPGG from HCRT,0.5
230,NKGVTAACPHAGAKS from pHA to RCSAPAAASVAPGGQ from HCRT,0.5
218,DSNKGVTAACPHAGA from pHA to RRCSAPAAASVAPGG from HCRT,0.5
18,AMERNAGSGIIISDT from pHA to QASGNHAAGILTMGR from HCRT,0.5
62,AFAMERNAGSGIIIS from pHA to SGNHAAGILTMGRRA from HCRT,0.5
28,AFAMERNAGSGIIIS from pHA to QASGNHAAGILTMGR from HCRT,0.5
1,AMERNAGSGIIISDT from pHA to ASGNHAAGILTMGRR from HCRT,0.5
83,HDSNKGVTAACPHAG from pHA to HGAGNHAAGILTLGK from HCRT,0.5
52,AMERNAGSGIIISDT from pHA to SGNHAAGILTMGRRA from HCRT,0.5
145,NKGVTAACPHAGAKS from pHA to CSAPAAASVAPGGQS from HCRT,0.5
148,SNKGVTAACPHAGAK from pHA to CSAPAAASVAPGGQS from HCRT,0.5
235,DSNKGVTAACPHAGA from pHA to RCSAPAAASVAPGGQ from HCRT,0.5
150,DSNKGVTAACPHAGA from pHA to CSAPAAASVAPGGQS from HCRT,0.5
57,RNAGSGIIISDTPVH from pHA to SGNHAAGILTMGRRA from HCRT,0.4285714285714285
54,FAMERNAGSGIIISD from pHA to SGNHAAGILTMGRRA from HCRT,0.4285714285714285
219,HDSNKGVTAACPHAG from pHA to RRCSAPAAASVAPGG from HCRT,0.4285714285714285
60,NKGVTAACPHAGAKS from pHA to SGNHAAGILTMGRRA from HCRT,0.4285714285714285
63,SNKGVTAACPHAGAK from pHA to SGNHAAGILTMGRRA from HCRT,0.4285714285714285
65,DSNKGVTAACPHAGA from pHA to SGNHAAGILTMGRRA from HCRT,0.4285714285714285
66,HDSNKGVTAACPHAG from pHA to SGNHAAGILTMGRRA from HCRT,0.4285714285714285
51,MERNAGSGIIISDTP from pHA to SGNHAAGILTMGRRA from HCRT,0.4285714285714285
49,HDSNKGVTAACPHAG from pHA to GAGNHAAGILTLGKR from HCRT,0.4285714285714285
77,NKGVTAACPHAGAKS from pHA to HGAGNHAAGILTLGK from HCRT,0.4285714285714285
0,MERNAGSGIIISDTP from pHA to ASGNHAAGILTMGRR from HCRT,0.4285714285714285
97,SNKGVTAACPHAGAK from pHA to LQASGNHAAGILTMG from HCRT,0.4285714285714285
82,DSNKGVTAACPHAGA from pHA to HGAGNHAAGILTLGK from HCRT,0.4285714285714285
116,DSNKGVTAACPHAGA from pHA to AGNHAAGILTLGKRR from HCRT,0.4285714285714285
168,HDSNKGVTAACPHAG from pHA to LHGAGNHAAGILTLG from HCRT,0.4285714285714285
151,HDSNKGVTAACPHAG from pHA to CSAPAAASVAPGGQS from HCRT,0.4285714285714285
133,DSNKGVTAACPHAGA from pHA to SAPAAASVAPGGQSG from HCRT,0.4285714285714285
131,SNKGVTAACPHAGAK from pHA to SAPAAASVAPGGQSG from HCRT,0.4285714285714285
128,NKGVTAACPHAGAKS from pHA to SAPAAASVAPGGQSG from HCRT,0.4285714285714285
117,HDSNKGVTAACPHAG from pHA to AGNHAAGILTLGKRR from HCRT,0.4285714285714285
114,SNKGVTAACPHAGAK from pHA to AGNHAAGILTLGKRR from HCRT,0.4285714285714285
86,AMERNAGSGIIISDT from pHA to LQASGNHAAGILTMG from HCRT,0.4285714285714285
111,NKGVTAACPHAGAKS from pHA to AGNHAAGILTLGKRR from HCRT,0.4285714285714285
100,HDSNKGVTAACPHAG from pHA to LQASGNHAAGILTMG from HCRT,0.4285714285714285
99,DSNKGVTAACPHAGA from pHA to LQASGNHAAGILTMG from HCRT,0.4285714285714285
46,SNKGVTAACPHAGAK from pHA to GAGNHAAGILTLGKR from HCRT,0.4285714285714285
96,AFAMERNAGSGIIIS from pHA to LQASGNHAAGILTMG from HCRT,0.4285714285714285
94,NKGVTAACPHAGAKS from pHA to LQASGNHAAGILTMG from HCRT,0.4285714285714285
48,DSNKGVTAACPHAGA from pHA to GAGNHAAGILTLGKR from HCRT,0.4285714285714285
80,SNKGVTAACPHAGAK from pHA to HGAGNHAAGILTLGK from HCRT,0.4285714285714285
26,NKGVTAACPHAGAKS from pHA to QASGNHAAGILTMGR from HCRT,0.4285714285714285
12,SNKGVTAACPHAGAK from pHA to ASGNHAAGILTMGRR from HCRT,0.4285714285714285
32,HDSNKGVTAACPHAG from pHA to QASGNHAAGILTMGR from HCRT,0.4285714285714285
17,MERNAGSGIIISDTP from pHA to QASGNHAAGILTMGR from HCRT,0.4285714285714285
20,FAMERNAGSGIIISD from pHA to QASGNHAAGILTMGR from HCRT,0.4285714285714285
23,RNAGSGIIISDTPVH from pHA to QASGNHAAGILTMGR from HCRT,0.4285714285714285
15,HDSNKGVTAACPHAG from pHA to ASGNHAAGILTMGRR from HCRT,0.4285714285714285
14,DSNKGVTAACPHAGA from pHA to ASGNHAAGILTMGRR from HCRT,0.4285714285714285
9,NKGVTAACPHAGAKS from pHA to ASGNHAAGILTMGRR from HCRT,0.4285714285714285
6,RNAGSGIIISDTPVH from pHA to ASGNHAAGILTMGRR from HCRT,0.4285714285714285
236,HDSNKGVTAACPHAG from pHA to RCSAPAAASVAPGGQ from HCRT,0.4285714285714285
3,FAMERNAGSGIIISD from pHA to ASGNHAAGILTMGRR from HCRT,0.4285714285714285
29,SNKGVTAACPHAGAK from pHA to QASGNHAAGILTMGR from HCRT,0.4285714285714285
43,NKGVTAACPHAGAKS from pHA to GAGNHAAGILTLGKR from HCRT,0.4285714285714285
31,DSNKGVTAACPHAGA from pHA to QASGNHAAGILTMGR from HCRT,0.4285714285714285
88,FAMERNAGSGIIISD from pHA to LQASGNHAAGILTMG from HCRT,0.3636363636363636
206,ERNAGSGIIISDTPV from pHA to RRCSAPAAASVAPGG from HCRT,0.3636363636363636
108,RNAGSGIIISDTPVH from pHA to AGNHAAGILTLGKRR from HCRT,0.3636363636363636
91,RNAGSGIIISDTPVH from pHA to LQASGNHAAGILTMG from HCRT,0.3636363636363636
202,HDSNKGVTAACPHAG from pHA to YELLHGAGNHAAGIL from HCRT,0.3636363636363636
25,LYQNADTYVFVGSSR from pHA to QASGNHAAGILTMGR from HCRT,0.3636363636363636
85,MERNAGSGIIISDTP from pHA to LQASGNHAAGILTMG from HCRT,0.3636363636363636
19,ERNAGSGIIISDTPV from pHA to QASGNHAAGILTMGR from HCRT,0.3636363636363636
45,AFAMERNAGSGIIIS from pHA to GAGNHAAGILTLGKR from HCRT,0.3636363636363636
198,AFAMERNAGSGIIIS from pHA to YELLHGAGNHAAGIL from HCRT,0.3636363636363636
112,KYVKSTKLRLATGLR from pHA to AGNHAAGILTLGKRR from HCRT,0.3636363636363636
227,RNAGSGIIISDTPVH from pHA to RCSAPAAASVAPGGQ from HCRT,0.3636363636363636
232,AFAMERNAGSGIIIS from pHA to RCSAPAAASVAPGGQ from HCRT,0.3636363636363636
185,HDSNKGVTAACPHAG from pHA to LYELLHGAGNHAAGI from HCRT,0.3636363636363636
134,HDSNKGVTAACPHAG from pHA to SAPAAASVAPGGQSG from HCRT,0.3636363636363636
181,AFAMERNAGSGIIIS from pHA to LYELLHGAGNHAAGI from HCRT,0.3636363636363636
2,ERNAGSGIIISDTPV from pHA to ASGNHAAGILTMGRR from HCRT,0.3636363636363636
167,DSNKGVTAACPHAGA from pHA to LHGAGNHAAGILTLG from HCRT,0.3636363636363636
165,SNKGVTAACPHAGAK from pHA to LHGAGNHAAGILTLG from HCRT,0.3636363636363636
113,AFAMERNAGSGIIIS from pHA to AGNHAAGILTLGKRR from HCRT,0.3636363636363636
103,AMERNAGSGIIISDT from pHA to AGNHAAGILTLGKRR from HCRT,0.3636363636363636
215,AFAMERNAGSGIIIS from pHA to RRCSAPAAASVAPGG from HCRT,0.3636363636363636
223,ERNAGSGIIISDTPV from pHA to RCSAPAAASVAPGGQ from HCRT,0.3636363636363636
40,RNAGSGIIISDTPVH from pHA to GAGNHAAGILTLGKR from HCRT,0.3636363636363636
35,AMERNAGSGIIISDT from pHA to GAGNHAAGILTLGKR from HCRT,0.3636363636363636
210,RNAGSGIIISDTPVH from pHA to RRCSAPAAASVAPGG from HCRT,0.3636363636363636
53,ERNAGSGIIISDTPV from pHA to SGNHAAGILTMGRRA from HCRT,0.3636363636363636
162,NKGVTAACPHAGAKS from pHA to LHGAGNHAAGILTLG from HCRT,0.3636363636363636
125,RNAGSGIIISDTPVH from pHA to SAPAAASVAPGGQSG from HCRT,0.3043478260869565
190,FAMERNAGSGIIISD from pHA to YELLHGAGNHAAGIL from HCRT,0.3043478260869565
188,AMERNAGSGIIISDT from pHA to YELLHGAGNHAAGIL from HCRT,0.3043478260869565
10,KYVKSTKLRLATGLR from pHA to ASGNHAAGILTMGRR from HCRT,0.3043478260869565
222,AMERNAGSGIIISDT from pHA to RCSAPAAASVAPGGQ from HCRT,0.3043478260869565
38,CPKYVKSTKLRLATG from pHA to GAGNHAAGILTLGKR from HCRT,0.3043478260869565
130,AFAMERNAGSGIIIS from pHA to SAPAAASVAPGGQSG from HCRT,0.3043478260869565
39,PKYVKSTKLRLATGL from pHA to GAGNHAAGILTLGKR from HCRT,0.3043478260869565
184,DSNKGVTAACPHAGA from pHA to LYELLHGAGNHAAGI from HCRT,0.3043478260869565
8,LYQNADTYVFVGSSR from pHA to ASGNHAAGILTMGRR from HCRT,0.3043478260869565
221,MERNAGSGIIISDTP from pHA to RCSAPAAASVAPGGQ from HCRT,0.3043478260869565
135,SLYQNADTYVFVGSS from pHA to SAPAAASVAPGGQSG from HCRT,0.3043478260869565
182,SNKGVTAACPHAGAK from pHA to LYELLHGAGNHAAGI from HCRT,0.3043478260869565
208,CPKYVKSTKLRLATG from pHA to RRCSAPAAASVAPGG from HCRT,0.3043478260869565
138,ERNAGSGIIISDTPV from pHA to CSAPAAASVAPGGQS from HCRT,0.3043478260869565
196,NKGVTAACPHAGAKS from pHA to YELLHGAGNHAAGIL from HCRT,0.3043478260869565
179,NKGVTAACPHAGAKS from pHA to LYELLHGAGNHAAGI from HCRT,0.3043478260869565
142,RNAGSGIIISDTPVH from pHA to CSAPAAASVAPGGQS from HCRT,0.3043478260869565
173,FAMERNAGSGIIISD from pHA to LYELLHGAGNHAAGI from HCRT,0.3043478260869565
234,YQNADTYVFVGSSRY from pHA to RCSAPAAASVAPGGQ from HCRT,0.3043478260869565
147,AFAMERNAGSGIIIS from pHA to CSAPAAASVAPGGQS from HCRT,0.3043478260869565
171,AMERNAGSGIIISDT from pHA to LYELLHGAGNHAAGI from HCRT,0.3043478260869565
152,SLYQNADTYVFVGSS from pHA to CSAPAAASVAPGGQS from HCRT,0.3043478260869565
154,AMERNAGSGIIISDT from pHA to LHGAGNHAAGILTLG from HCRT,0.3043478260869565
225,CPKYVKSTKLRLATG from pHA to RCSAPAAASVAPGGQ from HCRT,0.3043478260869565
44,KYVKSTKLRLATGLR from pHA to GAGNHAAGILTLGKR from HCRT,0.3043478260869565
164,AFAMERNAGSGIIIS from pHA to LHGAGNHAAGILTLG from HCRT,0.3043478260869565
159,RNAGSGIIISDTPVH from pHA to LHGAGNHAAGILTLG from HCRT,0.3043478260869565
59,LYQNADTYVFVGSSR from pHA to SGNHAAGILTMGRRA from HCRT,0.3043478260869565
121,ERNAGSGIIISDTPV from pHA to SAPAAASVAPGGQSG from HCRT,0.3043478260869565
37,FAMERNAGSGIIISD from pHA to GAGNHAAGILTLGKR from HCRT,0.3043478260869565
107,PKYVKSTKLRLATGL from pHA to AGNHAAGILTLGKRR from HCRT,0.3043478260869565
204,MERNAGSGIIISDTP from pHA to RRCSAPAAASVAPGG from HCRT,0.3043478260869565
30,YQNADTYVFVGSSRY from pHA to QASGNHAAGILTMGR from HCRT,0.3043478260869565
229,LYQNADTYVFVGSSR from pHA to RCSAPAAASVAPGGQ from HCRT,0.3043478260869565
201,DSNKGVTAACPHAGA from pHA to YELLHGAGNHAAGIL from HCRT,0.3043478260869565
74,RNAGSGIIISDTPVH from pHA to HGAGNHAAGILTLGK from HCRT,0.3043478260869565
205,AMERNAGSGIIISDT from pHA to RRCSAPAAASVAPGG from HCRT,0.3043478260869565
101,SLYQNADTYVFVGSS from pHA to LQASGNHAAGILTMG from HCRT,0.3043478260869565
102,MERNAGSGIIISDTP from pHA to AGNHAAGILTLGKRR from HCRT,0.3043478260869565
224,FAMERNAGSGIIISD from pHA to RCSAPAAASVAPGGQ from HCRT,0.3043478260869565
104,ERNAGSGIIISDTPV from pHA to AGNHAAGILTLGKRR from HCRT,0.3043478260869565
105,FAMERNAGSGIIISD from pHA to AGNHAAGILTLGKRR from HCRT,0.3043478260869565
106,CPKYVKSTKLRLATG from pHA to AGNHAAGILTLGKRR from HCRT,0.3043478260869565
69,AMERNAGSGIIISDT from pHA to HGAGNHAAGILTLGK from HCRT,0.3043478260869565
199,SNKGVTAACPHAGAK from pHA to YELLHGAGNHAAGIL from HCRT,0.3043478260869565
33,SLYQNADTYVFVGSS from pHA to QASGNHAAGILTMGR from HCRT,0.3043478260869565
87,ERNAGSGIIISDTPV from pHA to LQASGNHAAGILTMG from HCRT,0.3043478260869565
34,MERNAGSGIIISDTP from pHA to GAGNHAAGILTLGKR from HCRT,0.3043478260869565
36,ERNAGSGIIISDTPV from pHA to GAGNHAAGILTLGKR from HCRT,0.3043478260869565
79,AFAMERNAGSGIIIS from pHA to HGAGNHAAGILTLGK from HCRT,0.3043478260869565
207,FAMERNAGSGIIISD from pHA to RRCSAPAAASVAPGG from HCRT,0.3043478260869565
61,KYVKSTKLRLATGLR from pHA to SGNHAAGILTMGRRA from HCRT,0.3043478260869565
93,LYQNADTYVFVGSSR from pHA to LQASGNHAAGILTMG from HCRT,0.3043478260869565
228,KCPKYVKSTKLRLAT from pHA to RCSAPAAASVAPGGQ from HCRT,0.25
211,KCPKYVKSTKLRLAT from pHA to RRCSAPAAASVAPGG from HCRT,0.25
170,MERNAGSGIIISDTP from pHA to LYELLHGAGNHAAGI from HCRT,0.25
209,PKYVKSTKLRLATGL from pHA to RRCSAPAAASVAPGG from HCRT,0.25
226,PKYVKSTKLRLATGL from pHA to RCSAPAAASVAPGGQ from HCRT,0.25
214,KYVKSTKLRLATGLR from pHA to RRCSAPAAASVAPGG from HCRT,0.25
212,LYQNADTYVFVGSSR from pHA to RRCSAPAAASVAPGG from HCRT,0.25
172,ERNAGSGIIISDTPV from pHA to LYELLHGAGNHAAGI from HCRT,0.25
175,PKYVKSTKLRLATGL from pHA to LYELLHGAGNHAAGI from HCRT,0.25
176,RNAGSGIIISDTPVH from pHA to LYELLHGAGNHAAGI from HCRT,0.25
193,RNAGSGIIISDTPVH from pHA to YELLHGAGNHAAGIL from HCRT,0.25
180,KYVKSTKLRLATGLR from pHA to LYELLHGAGNHAAGI from HCRT,0.25
217,YQNADTYVFVGSSRY from pHA to RRCSAPAAASVAPGG from HCRT,0.25
187,MERNAGSGIIISDTP from pHA to YELLHGAGNHAAGIL from HCRT,0.25
189,ERNAGSGIIISDTPV from pHA to YELLHGAGNHAAGIL from HCRT,0.25
197,KYVKSTKLRLATGLR from pHA to YELLHGAGNHAAGIL from HCRT,0.25
192,PKYVKSTKLRLATGL from pHA to YELLHGAGNHAAGIL from HCRT,0.25
163,KYVKSTKLRLATGLR from pHA to LHGAGNHAAGILTLG from HCRT,0.25
119,MERNAGSGIIISDTP from pHA to SAPAAASVAPGGQSG from HCRT,0.25
237,SLYQNADTYVFVGSS from pHA to RCSAPAAASVAPGGQ from HCRT,0.25
109,KCPKYVKSTKLRLAT from pHA to AGNHAAGILTLGKRR from HCRT,0.25
127,LYQNADTYVFVGSSR from pHA to SAPAAASVAPGGQSG from HCRT,0.25
55,CPKYVKSTKLRLATG from pHA to SGNHAAGILTMGRRA from HCRT,0.25
56,PKYVKSTKLRLATGL from pHA to SGNHAAGILTMGRRA from HCRT,0.25
122,FAMERNAGSGIIISD from pHA to SAPAAASVAPGGQSG from HCRT,0.25
120,AMERNAGSGIIISDT from pHA to SAPAAASVAPGGQSG from HCRT,0.25
64,YQNADTYVFVGSSRY from pHA to SGNHAAGILTMGRRA from HCRT,0.25
67,SLYQNADTYVFVGSS from pHA to SGNHAAGILTMGRRA from HCRT,0.25
110,LYQNADTYVFVGSSR from pHA to AGNHAAGILTLGKRR from HCRT,0.25
68,MERNAGSGIIISDTP from pHA to HGAGNHAAGILTLGK from HCRT,0.25
132,YQNADTYVFVGSSRY from pHA to SAPAAASVAPGGQSG from HCRT,0.25
98,YQNADTYVFVGSSRY from pHA to LQASGNHAAGILTMG from HCRT,0.25
95,KYVKSTKLRLATGLR from pHA to LQASGNHAAGILTMG from HCRT,0.25
70,ERNAGSGIIISDTPV from pHA to HGAGNHAAGILTLGK from HCRT,0.25
71,FAMERNAGSGIIISD from pHA to HGAGNHAAGILTLGK from HCRT,0.25
90,PKYVKSTKLRLATGL from pHA to LQASGNHAAGILTMG from HCRT,0.25
89,CPKYVKSTKLRLATG from pHA to LQASGNHAAGILTMG from HCRT,0.25
72,CPKYVKSTKLRLATG from pHA to HGAGNHAAGILTLGK from HCRT,0.25
73,PKYVKSTKLRLATGL from pHA to HGAGNHAAGILTLGK from HCRT,0.25
41,KCPKYVKSTKLRLAT from pHA to GAGNHAAGILTLGKR from HCRT,0.25
42,LYQNADTYVFVGSSR from pHA to GAGNHAAGILTLGKR from HCRT,0.25
27,KYVKSTKLRLATGLR from pHA to QASGNHAAGILTMGR from HCRT,0.25
136,MERNAGSGIIISDTP from pHA to CSAPAAASVAPGGQS from HCRT,0.25
158,PKYVKSTKLRLATGL from pHA to LHGAGNHAAGILTLG from HCRT,0.25
4,CPKYVKSTKLRLATG from pHA to ASGNHAAGILTMGRR from HCRT,0.25
5,PKYVKSTKLRLATGL from pHA to ASGNHAAGILTMGRR from HCRT,0.25
156,FAMERNAGSGIIISD from pHA to LHGAGNHAAGILTLG from HCRT,0.25
155,ERNAGSGIIISDTPV from pHA to LHGAGNHAAGILTLG from HCRT,0.25
153,MERNAGSGIIISDTP from pHA to LHGAGNHAAGILTLG from HCRT,0.25
149,YQNADTYVFVGSSRY from pHA to CSAPAAASVAPGGQS from HCRT,0.25
13,YQNADTYVFVGSSRY from pHA to ASGNHAAGILTMGRR from HCRT,0.25
144,LYQNADTYVFVGSSR from pHA to CSAPAAASVAPGGQS from HCRT,0.25
16,SLYQNADTYVFVGSS from pHA to ASGNHAAGILTMGRR from HCRT,0.25
78,KYVKSTKLRLATGLR from pHA to HGAGNHAAGILTLGK from HCRT,0.25
21,CPKYVKSTKLRLATG from pHA to QASGNHAAGILTMGR from HCRT,0.25
22,PKYVKSTKLRLATGL from pHA to QASGNHAAGILTMGR from HCRT,0.25
140,CPKYVKSTKLRLATG from pHA to CSAPAAASVAPGGQS from HCRT,0.25
139,FAMERNAGSGIIISD from pHA to CSAPAAASVAPGGQS from HCRT,0.25
137,AMERNAGSGIIISDT from pHA to CSAPAAASVAPGGQS from HCRT,0.25
58,KCPKYVKSTKLRLAT from pHA to SGNHAAGILTMGRRA from HCRT,0.2
220,SLYQNADTYVFVGSS from pHA to RRCSAPAAASVAPGG from HCRT,0.2
24,KCPKYVKSTKLRLAT from pHA to QASGNHAAGILTMGR from HCRT,0.2
7,KCPKYVKSTKLRLAT from pHA to ASGNHAAGILTMGRR from HCRT,0.2
50,SLYQNADTYVFVGSS from pHA to GAGNHAAGILTLGKR from HCRT,0.2
47,YQNADTYVFVGSSRY from pHA to GAGNHAAGILTLGKR from HCRT,0.2
75,KCPKYVKSTKLRLAT from pHA to HGAGNHAAGILTLGK from HCRT,0.2
231,KYVKSTKLRLATGLR from pHA to RCSAPAAASVAPGGQ from HCRT,0.2
161,LYQNADTYVFVGSSR from pHA to LHGAGNHAAGILTLG from HCRT,0.2
76,LYQNADTYVFVGSSR from pHA to HGAGNHAAGILTLGK from HCRT,0.2
141,PKYVKSTKLRLATGL from pHA to CSAPAAASVAPGGQS from HCRT,0.2
178,LYQNADTYVFVGSSR from pHA to LYELLHGAGNHAAGI from HCRT,0.2
174,CPKYVKSTKLRLATG from pHA to LYELLHGAGNHAAGI from HCRT,0.2
186,SLYQNADTYVFVGSS from pHA to LYELLHGAGNHAAGI from HCRT,0.2
169,SLYQNADTYVFVGSS from pHA to LHGAGNHAAGILTLG from HCRT,0.2
124,PKYVKSTKLRLATGL from pHA to SAPAAASVAPGGQSG from HCRT,0.2
123,CPKYVKSTKLRLATG from pHA to SAPAAASVAPGGQSG from HCRT,0.2
191,CPKYVKSTKLRLATG from pHA to YELLHGAGNHAAGIL from HCRT,0.2
143,KCPKYVKSTKLRLAT from pHA to CSAPAAASVAPGGQS from HCRT,0.2
195,LYQNADTYVFVGSSR from pHA to YELLHGAGNHAAGIL from HCRT,0.2
118,SLYQNADTYVFVGSS from pHA to AGNHAAGILTLGKRR from HCRT,0.2
115,YQNADTYVFVGSSRY from pHA to AGNHAAGILTLGKRR from HCRT,0.2
157,CPKYVKSTKLRLATG from pHA to LHGAGNHAAGILTLG from HCRT,0.2
203,SLYQNADTYVFVGSS from pHA to YELLHGAGNHAAGIL from HCRT,0.2
92,KCPKYVKSTKLRLAT from pHA to LQASGNHAAGILTMG from HCRT,0.2
84,SLYQNADTYVFVGSS from pHA to HGAGNHAAGILTLGK from HCRT,0.2
146,KYVKSTKLRLATGLR from pHA to CSAPAAASVAPGGQS from HCRT,0.1538461538461538
166,YQNADTYVFVGSSRY from pHA to LHGAGNHAAGILTLG from HCRT,0.1538461538461538
126,KCPKYVKSTKLRLAT from pHA to SAPAAASVAPGGQSG from HCRT,0.1538461538461538
177,KCPKYVKSTKLRLAT from pHA to LYELLHGAGNHAAGI from HCRT,0.1538461538461538
183,YQNADTYVFVGSSRY from pHA to LYELLHGAGNHAAGI from HCRT,0.1538461538461538
129,KYVKSTKLRLATGLR from pHA to SAPAAASVAPGGQSG from HCRT,0.1538461538461538
81,YQNADTYVFVGSSRY from pHA to HGAGNHAAGILTLGK from HCRT,0.1538461538461538
194,KCPKYVKSTKLRLAT from pHA to YELLHGAGNHAAGIL from HCRT,0.1538461538461538
160,KCPKYVKSTKLRLAT from pHA to LHGAGNHAAGILTLG from HCRT,0.1538461538461538
200,YQNADTYVFVGSSRY from pHA to YELLHGAGNHAAGIL from HCRT,0.1538461538461538
